{
  "itstheeverydaysonic.nano.mask.close": {
    "category": "player",
    "sounds": [
      "itstheeverydaysonic/nano_mask_close"
    ]
  },
  "itstheeverydaysonic.nano.mask.open": {
    "category": "player",
    "sounds": [
      "itstheeverydaysonic/nano_mask_open"
    ]
  },
  "itstheeverydaysonic.angel.sprint": {
    "category": "player",
    "sounds": [
      "itstheeverydaysonic/angel/sprint1",
      "itstheeverydaysonic/angel/sprint2",
      "itstheeverydaysonic/angel/sprint3",
      "itstheeverydaysonic/angel/sprint4"
    ]
  }
}